id,title,description,link,image_link,availability,price,google_product_category,brand,gtin,mpn,identifier_exists,condition,item_group_id
5485,FELICITY-300,"Semi-precious Stones: Hematite, Jasper, Howlite, Lava, Jade Other materials: Glass Clasp: 18K Gold-Plated Brass",https://www.precious-joy.com/product/felicity-300/?utm_source=Pinterest&amp;utm_campaign=Pin&amp;utm_medium=cpc&amp;utm_term=5485,https://www.precious-joy.com/wp-content/uploads/FELICITY-300a.jpg,"in stock","75 EUR",,,felicity-300,,,New,
5481,EUPHORIA-300,"Semi-precious Stones: Hematite, Agate, Clear Quartz Bracelet: 18K Gold-Plated Stainless Steel",https://www.precious-joy.com/product/euphoria-300/?utm_source=Pinterest&amp;utm_campaign=Pin&amp;utm_medium=cpc&amp;utm_term=5481,https://www.precious-joy.com/wp-content/uploads/EUPHORIA-300a.jpg,"in stock","55 EUR",,,euphoria-300,,,New,
5199,BLISS-301,"Semi-precious Stones: Hematite, Agate, Black Onyx Other materials: Glass, Brass, Stainless Steel Extension chain & Clasp: 10cm, 18K Gold-Plated Stainless Steel",https://www.precious-joy.com/product/bliss-301/?utm_source=Pinterest&amp;utm_campaign=Pin&amp;utm_medium=cpc&amp;utm_term=5199,https://www.precious-joy.com/wp-content/uploads/BLISS-301a-scaled.jpg,"in stock","65 EUR",,,bliss-301,,,New,
5193,LAVISH-307,"Semi-precious Stones: Hematite, Agate, Jade Other materials: Glass, Wood, Aluminum and Stainless-Steel charms Bracelet: 18K Gold-Plated Stainless-Steel Memory Wire",https://www.precious-joy.com/product/lavish-307/?utm_source=Pinterest&amp;utm_campaign=Pin&amp;utm_medium=cpc&amp;utm_term=5193,https://www.precious-joy.com/wp-content/uploads/LAVISH-307b.jpg,"in stock","80 EUR",,,lavish-307,,,New,
5186,LAVISH-302,"Semi-precious Stones: Hematite, Jasper Other materials: Glass, Wood, Aluminum and Stainless-Steel charms Bracelet: 18K Gold-Plated Stainless-Steel Memory Wire",https://www.precious-joy.com/product/lavish-302/?utm_source=Pinterest&amp;utm_campaign=Pin&amp;utm_medium=cpc&amp;utm_term=5186,https://www.precious-joy.com/wp-content/uploads/LAVISH-302c.jpg,"in stock","95 EUR",,,lavish-302,,,New,
5166,GRACE-300,"Semi-precious Stones: Hematite, Jasper, Jade Other materials: Glass, Brass, Stainless Steel charms Extension chain & Clasp: 10cm, 18K Gold-Plated Stainless Steel",https://www.precious-joy.com/product/grace-300/?utm_source=Pinterest&amp;utm_campaign=Pin&amp;utm_medium=cpc&amp;utm_term=5166,https://www.precious-joy.com/wp-content/uploads/GRACE-300b.jpg,"in stock","70 EUR",,,grace-300,,,New,
5159,LAVISH-306,"Semi-precious Stones: Hematite, Agate, Jasper Other materials: Glass, Wood, Polymer Clay, Aluminum and Stainless-Steel charms Bracelet: 18K Gold-Plated Stainless-Steel Memory Wire",https://www.precious-joy.com/product/lavish-306/?utm_source=Pinterest&amp;utm_campaign=Pin&amp;utm_medium=cpc&amp;utm_term=5159,https://www.precious-joy.com/wp-content/uploads/LAVISH-306a.jpg,"in stock","85 EUR",,,lavish-306,,,New,
5156,GLEE-300,"Semi-precious Stones: Hematite, Lapis Lazouli Bracelet: 18K Gold-Plated Stainless Steel",https://www.precious-joy.com/product/glee-300/?utm_source=Pinterest&amp;utm_campaign=Pin&amp;utm_medium=cpc&amp;utm_term=5156,https://www.precious-joy.com/wp-content/uploads/GLEE-300a.jpg,"in stock","55 EUR",,,glee-300,,,New,
5150,GRACE-301,"Semi-precious Stones: Rhodonite, Hematite Bracelet: 18K Gold-Plated Stainless Steel",https://www.precious-joy.com/product/grace-301/?utm_source=Pinterest&amp;utm_campaign=Pin&amp;utm_medium=cpc&amp;utm_term=5150,https://www.precious-joy.com/wp-content/uploads/GRACE-301a.jpg,"in stock","60 EUR",,,grace-301,,,New,
5115,DELIGHT-100,"Semi-precious Stones: Hematite, Howlite, Marble, Mother of Pearl Other materials: Brass Chain: Handmade 18K Gold-Plated Stainless Steel Extension chain & Clasp: 10cm, 18K Gold-Plated Stainless Steel Length: 24cm",https://www.precious-joy.com/product/delight-100/?utm_source=Pinterest&amp;utm_campaign=Pin&amp;utm_medium=cpc&amp;utm_term=5115,https://www.precious-joy.com/wp-content/uploads/DELIGHT-100a.jpg,"in stock","110 EUR",,,delight-100,,,New,
5107,LAVISH-103,"Semi-precious Stones: Hematite, iridescent Labradorite, Marble, Jade Other materials: Glass Extension chain & Clasp: 10cm, 18K Gold-Plated Stainless Steel Length: 25cm",https://www.precious-joy.com/product/lavish-103/?utm_source=Pinterest&amp;utm_campaign=Pin&amp;utm_medium=cpc&amp;utm_term=5107,https://www.precious-joy.com/wp-content/uploads/LAVISH-103b.jpg,"out of stock","130 EUR",,,lavish-103,,,New,
5104,BLISS-100,"Semi-precious Stones: Hematite, Howlite Other materials: Wood, Brass Chain: Handmade 18K Gold-Plated Stainless Steel Extension chain & Clasp: 8cm, 18K Gold-Plated Stainless Steel Length: 28cm",https://www.precious-joy.com/product/bliss-100/?utm_source=Pinterest&amp;utm_campaign=Pin&amp;utm_medium=cpc&amp;utm_term=5104,https://www.precious-joy.com/wp-content/uploads/BLISS-100a.jpg,"in stock","85 EUR",,,bliss-100,,,New,
5096,BLISS-103,"Semi-precious Stones: Hematite, Howlite, Mother of Pearl Other materials: Brass Chain: Gunmetal Bronze Extension chain & Clasp: 8cm, 18K Gold-Plated Stainless Steel Length: 39cm",https://www.precious-joy.com/product/bliss-103/?utm_source=Pinterest&amp;utm_campaign=Pin&amp;utm_medium=cpc&amp;utm_term=5096,https://www.precious-joy.com/wp-content/uploads/BLISS-103a.jpg,"in stock","75 EUR",,,bliss-103,,,New,
5025,EUPHORIA-101,"Semi-precious Stones: Hematite, Howlite, Black Onyx, Lava Other materials: Brass, Glass, Wood Extension chain & Clasp: 10cm, 18K Gold-Plated Stainless Steel Length: 22cm",https://www.precious-joy.com/product/euphoria-101/?utm_source=Pinterest&amp;utm_campaign=Pin&amp;utm_medium=cpc&amp;utm_term=5025,https://www.precious-joy.com/wp-content/uploads/EUPHORIA-101a.jpg,"in stock","100 EUR",,,euphoria-101,,,New,
5008,FELICITY-200,"Semi-precious Stones: Turquoise, Hematite, Obsidian Other materials: 18K Gold-Plated Stainless-Steel Memory Wire Studs and Ear Nuts: 18K Gold-Plated Brass Length: 7cm",https://www.precious-joy.com/product/felicity-200/?utm_source=Pinterest&amp;utm_campaign=Pin&amp;utm_medium=cpc&amp;utm_term=5008,https://www.precious-joy.com/wp-content/uploads/FELICITY-200a.jpg,"in stock","80 EUR",,,felicity-200,,,New,
4991,LAVISH-200,"Semi-precious Stones: Mother of Pearl, Hematite Other materials: Bronze, Brass, Silk tassels Studs & Ear Nuts: 18K Gold-Plated Stainless Steel Length: 10,5cm",https://www.precious-joy.com/product/lavish-200/?utm_source=Pinterest&amp;utm_campaign=Pin&amp;utm_medium=cpc&amp;utm_term=4991,https://www.precious-joy.com/wp-content/uploads/LAVISH-200b.jpg,"in stock","120 EUR",,,lavish-200,,,New,
4982,JOLLITY-203,"Semi-precious Stones: Turquoise Other materials: Brass, Silk tassels Studs and Ear Nuts: 18K Gold-Plated Stainless Steel Length: 8cm",https://www.precious-joy.com/product/jollity-203/?utm_source=Pinterest&amp;utm_campaign=Pin&amp;utm_medium=cpc&amp;utm_term=4982,https://www.precious-joy.com/wp-content/uploads/JOLLITY-203a.jpg,"in stock","55 EUR",,,jollity-203,,,New,
4981,JOLLITY-205,"Semi-precious Stones: Turquoise Other materials: Brass Studs: 18K Gold-Plated Brass Ear Nuts: 18K Gold-Plated Stainless Steel Length: 5cm",https://www.precious-joy.com/product/jollity-205/?utm_source=Pinterest&amp;utm_campaign=Pin&amp;utm_medium=cpc&amp;utm_term=4981,https://www.precious-joy.com/wp-content/uploads/JOLLITY-205a.jpg,"in stock","45 EUR",,,jollity-205,,,New,
4979,JOLLITY-201,"Semi-precious Stones: Marble, Hematite Studs and Ear Nuts: 18K Gold-Plated Stainless Steel Length: 10cm",https://www.precious-joy.com/product/jollity-201/?utm_source=Pinterest&amp;utm_campaign=Pin&amp;utm_medium=cpc&amp;utm_term=4979,https://www.precious-joy.com/wp-content/uploads/JOLLITY-201a.jpg,"in stock","70 EUR",,,jollity-201,,,New,
4967,GRACE-204,"Semi-precious Stones: Jasper, Hematite Studs: 18K Gold-Plated Brass Ear Nuts: 18K Gold-Plated Stainless Steel Length: 8cm",https://www.precious-joy.com/product/grace-204/?utm_source=Pinterest&amp;utm_campaign=Pin&amp;utm_medium=cpc&amp;utm_term=4967,https://www.precious-joy.com/wp-content/uploads/GRACE-204a.jpg,"in stock","70 EUR",,,grace-204,,,New,
4966,DELIGHT-206,"Semi-precious Stones: Hematite, Howlite Other materials: Brass Hooks: 18K Gold-Plated Brass Length: 8cm",https://www.precious-joy.com/product/delight-206/?utm_source=Pinterest&amp;utm_campaign=Pin&amp;utm_medium=cpc&amp;utm_term=4966,https://www.precious-joy.com/wp-content/uploads/DELIGHT-206a.jpg,"in stock","65 EUR",,,delight-206,,,New,
4959,FELICITY-206,"Semi-precious Stones: Dalmatian Jasper Other materials: Brass, Polymer Clay Hooks: 18K Gold-Plated Brass Length: 5,5cm",https://www.precious-joy.com/product/felicity-206/?utm_source=Pinterest&amp;utm_campaign=Pin&amp;utm_medium=cpc&amp;utm_term=4959,https://www.precious-joy.com/wp-content/uploads/FELICITY-206a.jpg,"in stock","45 EUR",,,felicity-206,,,New,
4958,DELIGHT-207,"Materials: Glass, Brass, Polymer Clay Hoops: 18K Gold-Plated Stainless Steel Length: 5,5cm",https://www.precious-joy.com/product/delight-207/?utm_source=Pinterest&amp;utm_campaign=Pin&amp;utm_medium=cpc&amp;utm_term=4958,https://www.precious-joy.com/wp-content/uploads/DELIGHT-207a.jpg,"in stock","35 EUR",,,delight-207,,,New,
4954,BLISS-205,"Materials: Glass, Brass, Polymer Clay Hoops: 18K Gold-Plated Stainless Steel Length: 5,5cm",https://www.precious-joy.com/product/bliss-205/?utm_source=Pinterest&amp;utm_campaign=Pin&amp;utm_medium=cpc&amp;utm_term=4954,https://www.precious-joy.com/wp-content/uploads/BLISS-205a.jpg,"in stock","35 EUR",,,bliss-205,,,New,
4952,GRACE-206,"Semi-precious Stones: Rose Quartz Other materials: Brass, Polymer Clay Hoops: 18K Gold-Plated Stainless Steel Length: 5,5cm",https://www.precious-joy.com/product/grace-206/?utm_source=Pinterest&amp;utm_campaign=Pin&amp;utm_medium=cpc&amp;utm_term=4952,https://www.precious-joy.com/wp-content/uploads/GRACE-206a.jpg,"in stock","40 EUR",,,grace-206,,,New,
4943,VERVE-206,"Semi-precious Stones: Rainbow Veins Other materials: Brass, Silk tassels Studs and Ear Nuts: 18K Gold-Plated Stainless Steel Length: 9cm",https://www.precious-joy.com/product/verve-206/?utm_source=Pinterest&amp;utm_campaign=Pin&amp;utm_medium=cpc&amp;utm_term=4943,https://www.precious-joy.com/wp-content/uploads/VERVE-206a.jpg,"in stock","50 EUR",,,verve-206,,,New,
4941,VERVE-201,"Semi-precious Stones: Goldstone, Howlite, Hematite Other materials: Glass, 18K Gold-Plated Stainless-Steel Memory Wire Studs: 18K Gold-Plated Brass Ear Nuts: 18K Gold-Plated Stainless Steel Length: 7,5cm",https://www.precious-joy.com/product/verve-201/?utm_source=Pinterest&amp;utm_campaign=Pin&amp;utm_medium=cpc&amp;utm_term=4941,https://www.precious-joy.com/wp-content/uploads/VERVE-201a.jpg,"in stock","75 EUR",,,verve-201,,,New,
4942,VERVE-207,"Semi-precious Stones: Agate, Howlite Other materials: Brass Hoops: 18K Gold-Plated Stainless Steel Length: 4,5cm",https://www.precious-joy.com/product/verve-207/?utm_source=Pinterest&amp;utm_campaign=Pin&amp;utm_medium=cpc&amp;utm_term=4942,https://www.precious-joy.com/wp-content/uploads/VERVE-207a.jpg,"in stock","45 EUR",,,verve-207,,,New,
4931,VERVE-204,"Semi-precious Stones: Goldstone Other materials: Brass Hoops: Gold-plated Bronze Length: cm",https://www.precious-joy.com/product/verve-204/?utm_source=Pinterest&amp;utm_campaign=Pin&amp;utm_medium=cpc&amp;utm_term=4931,https://www.precious-joy.com/wp-content/uploads/VERVE-204a.jpg,"in stock","55 EUR",,,verve-204,,,New,
4930,VERVE-200,"Semi-precious Stones: Jasper Other materials: Aluminum, Brass, Silk tassels Hooks: 18K Gold-Plated Brass Length: 9cm",https://www.precious-joy.com/product/verve-200/?utm_source=Pinterest&amp;utm_campaign=Pin&amp;utm_medium=cpc&amp;utm_term=4930,https://www.precious-joy.com/wp-content/uploads/VERVE-200a.jpg,"in stock","80 EUR",,,verve-200,,,New,
4928,VERVE-202,"Semi-precious Stones: Marble, Hematite Other materials: Brass Hooks: 18K Gold-Plated Brass Length: 9cm",https://www.precious-joy.com/product/verve-202/?utm_source=Pinterest&amp;utm_campaign=Pin&amp;utm_medium=cpc&amp;utm_term=4928,https://www.precious-joy.com/wp-content/uploads/VERVE-202a.jpg,"in stock","60 EUR",,,verve-202,,,New,
4919,JOLLITY-204,"Semi-precious Stones: Hematite Other materials: Glass, Brass Hooks: 18K Gold-Plated Brass Length: 9cm",https://www.precious-joy.com/product/jollity-204/?utm_source=Pinterest&amp;utm_campaign=Pin&amp;utm_medium=cpc&amp;utm_term=4919,https://www.precious-joy.com/wp-content/uploads/JOLLITY-204a.jpg,"in stock","50 EUR",,,jollity-204,,,New,
4917,VERVE-208,"Semi-precious Stones: Mother of Pearl Other materials: Stainless-steel head pins Pins and Ear Nuts: 18K Gold-Plated Stainless Steel Length: 2cm",https://www.precious-joy.com/product/verve-208/?utm_source=Pinterest&amp;utm_campaign=Pin&amp;utm_medium=cpc&amp;utm_term=4917,https://www.precious-joy.com/wp-content/uploads/VERVE-208a.jpg,"in stock","40 EUR",,,verve-208,,,New,
4902,VERVE-203,"Semi-precious Stones: Howlite Other materials: Brass, Silk tassels, Handmade 18K Gold-Plated Stainless-Steel chain Hooks: 18K Gold-Plated Brass Length: 11cm",https://www.precious-joy.com/product/verve-203/?utm_source=Pinterest&amp;utm_campaign=Pin&amp;utm_medium=cpc&amp;utm_term=4902,https://www.precious-joy.com/wp-content/uploads/VERVE-203a.jpg,"in stock","55 EUR",,,verve-203,,,New,
4901,VERVE-205,"Semi-precious Stones: Howlite, Hematite Other materials: Brass, Silk tassels Hooks: 18K Gold-Plated Brass Length: 9,5cm",https://www.precious-joy.com/product/verve-205/?utm_source=Pinterest&amp;utm_campaign=Pin&amp;utm_medium=cpc&amp;utm_term=4901,https://www.precious-joy.com/wp-content/uploads/VERVE-205a.jpg,"in stock","50 EUR",,,verve-205,,,New,
4899,BLISS-200,"Semi-precious Stones: Hematite, Turquoise Other materials: Brass, Silk tassels Hooks: 18K Gold-Plated Brass Length: 11cm",https://www.precious-joy.com/product/bliss-200/?utm_source=Pinterest&amp;utm_campaign=Pin&amp;utm_medium=cpc&amp;utm_term=4899,https://www.precious-joy.com/wp-content/uploads/BLISS-200a.jpg,"in stock","65 EUR",,,bliss-200,,,New,
4897,JOLLITY-200,"Semi-precious Stones: Marble, Hematite, Howlite Other materials: Glass, 18K Gold-Plated Stainless-Steel Memory Wire Studs: 18K Gold-Plated Brass Ear Nuts: 18K Gold-Plated Stainless Steel Length: 7cm",https://www.precious-joy.com/product/jollity-200/?utm_source=Pinterest&amp;utm_campaign=Pin&amp;utm_medium=cpc&amp;utm_term=4897,https://www.precious-joy.com/wp-content/uploads/JOLLITY-200b.jpg,"in stock","70 EUR",,,jollity-200,,,New,
4880,JOLLITY-206,"Semi-precious Stones: Marble Other materials: Brass Hoops: 18K Gold-Plated Stainless Steel Length: 4,5cm",https://www.precious-joy.com/product/jollity-206/?utm_source=Pinterest&amp;utm_campaign=Pin&amp;utm_medium=cpc&amp;utm_term=4880,https://www.precious-joy.com/wp-content/uploads/JOLLITY-206a.jpg,"in stock","40 EUR",,,jollity-206,,,New,
4881,JOLLITY-208,"Semi-precious Stones: Hematite, Mother of Pearl Hoops: 18K Gold-Plated Stainless Steel Length: 3,5cm",https://www.precious-joy.com/product/jollity-208/?utm_source=Pinterest&amp;utm_campaign=Pin&amp;utm_medium=cpc&amp;utm_term=4881,https://www.precious-joy.com/wp-content/uploads/JOLLITY-208a.jpg,"in stock","30 EUR",,,jollity-208,,,New,
4882,JOLLITY-207,"Semi-precious Stones: Hematite Other Materials: Polymer Clay Hoops: 18K Gold-Plated Stainless Steel Length: 3,5cm",https://www.precious-joy.com/product/jollity-207/?utm_source=Pinterest&amp;utm_campaign=Pin&amp;utm_medium=cpc&amp;utm_term=4882,https://www.precious-joy.com/wp-content/uploads/JOLLITY-207a.jpg,"in stock","30 EUR",,,jollity-207,,,New,
4869,JOLLITY-202,"Semi-precious Stones: Marble, Hematite Other materials: Brass, Handmade 18K Gold-Plated Stainless-Steel chain Hooks: 18K Gold-Plated Brass Length: 7,5cm",https://www.precious-joy.com/product/jollity-202/?utm_source=Pinterest&amp;utm_campaign=Pin&amp;utm_medium=cpc&amp;utm_term=4869,https://www.precious-joy.com/wp-content/uploads/JOLLITY-202a.jpg,"in stock","60 EUR",,,jollity-202,,,New,
4862,GLEE-200,"Semi-precious Stones: Hematite Other materials: Brass Studs and Ear Nuts: 18K Gold-Plated Brass with 925 Sterling Silver Pins Length: 5,5cm",https://www.precious-joy.com/product/glee-200/?utm_source=Pinterest&amp;utm_campaign=Pin&amp;utm_medium=cpc&amp;utm_term=4862,https://www.precious-joy.com/wp-content/uploads/GLEE-200a.jpg,"in stock","75 EUR",,,glee-200,,,New,
4856,DELIGHT-205,"Semi-precious Stones: Hematite, Howlite Other materials: Brass, Silk tassels Hooks: 18K Gold-Plated Brass Length: 9cm",https://www.precious-joy.com/product/delight-205/?utm_source=Pinterest&amp;utm_campaign=Pin&amp;utm_medium=cpc&amp;utm_term=4856,https://www.precious-joy.com/wp-content/uploads/DELIGHT-205a.jpg,"in stock","70 EUR",,,delight-205,,,New,
4854,GRACE-208,"Semi-precious Stones: Hematite Other materials: Acrylic Hoops: 18K Gold-Plated Stainless Steel Length: 4,5cm",https://www.precious-joy.com/product/grace-208/?utm_source=Pinterest&amp;utm_campaign=Pin&amp;utm_medium=cpc&amp;utm_term=4854,https://www.precious-joy.com/wp-content/uploads/GRACE-208a.jpg,"in stock","35 EUR",,,grace-208,,,New,
4849,BLISS-207,"Semi-precious Stones: Turquoise Pins & Ear Nuts: 18K Gold-Plated Stainless Steel",https://www.precious-joy.com/product/bliss-207/?utm_source=Pinterest&amp;utm_campaign=Pin&amp;utm_medium=cpc&amp;utm_term=4849,https://www.precious-joy.com/wp-content/uploads/BLISS-207a.jpg,"in stock","25 EUR",,,bliss-207,,,New,
4848,BLISS-206,"Semi-precious Stones: Turquoise Pins & Ear Nuts: 18K Gold-Plated Stainless Steel",https://www.precious-joy.com/product/bliss-206/?utm_source=Pinterest&amp;utm_campaign=Pin&amp;utm_medium=cpc&amp;utm_term=4848,https://www.precious-joy.com/wp-content/uploads/BLISS-206a.jpg,"in stock","30 EUR",,,bliss-206,,,New,
4844,EUPHORIA-209,"Semi-precious Stones: Turquoise Pins and Ear nuts: 18K Gold-Plated Stainless Steel",https://www.precious-joy.com/product/euphoria-209/?utm_source=Pinterest&amp;utm_campaign=Pin&amp;utm_medium=cpc&amp;utm_term=4844,https://www.precious-joy.com/wp-content/uploads/EUPHORIA-209a.jpg,"in stock","30 EUR",,,euphoria-209,,,New,
4842,LAVISH-202,"Semi-precious Stones: Rose Quartz, Howlite Other materials: Glass, Brass, 18K Gold-Plated Stainless-Steel Memory Wire Studs: 18K Gold-Plated Brass Ear Nuts: 18K Gold-Plated Stainless Steel Length: 6,5cm",https://www.precious-joy.com/product/lavish-202/?utm_source=Pinterest&amp;utm_campaign=Pin&amp;utm_medium=cpc&amp;utm_term=4842,https://www.precious-joy.com/wp-content/uploads/LAVISH-202a.jpg,"in stock","110 EUR",,,lavish-202,,,New,
4825,JOLLITY-105,"Semi-precious Stones: Marble Other materials: Glass, Brass Chain: Black Aluminum Extension chain & Clasp: 10cm, 18K Gold-Plated Stainless Steel Length: 22cm",https://www.precious-joy.com/product/jollity-105/?utm_source=Pinterest&amp;utm_campaign=Pin&amp;utm_medium=cpc&amp;utm_term=4825,https://www.precious-joy.com/wp-content/uploads/JOLLITY-105b.jpg,"in stock","65 EUR",,,jollity-105,,,New,
4821,JOLLITY-104,"Semi-precious Stones: Marble, Hematite Other materials: Brass Chain: 18K Gold-Plated Stainless Steel collar Extension chain & Clasp: 10cm, 18K Gold-Plated Stainless Steel Length: 24cm",https://www.precious-joy.com/product/jollity-104/?utm_source=Pinterest&amp;utm_campaign=Pin&amp;utm_medium=cpc&amp;utm_term=4821,https://www.precious-joy.com/wp-content/uploads/JOLLITY-104b.jpg,"in stock","65 EUR",,,jollity-104,,,New,
4816,JOLLITY-101,"Semi-precious Stones: Marble Other materials: Brass, Silk tassels Chain: Pink Bronze Extension chain & Clasp: 10cm, 18K Gold-Plated Stainless Steel Length: 43cm",https://www.precious-joy.com/product/jollity-101/?utm_source=Pinterest&amp;utm_campaign=Pin&amp;utm_medium=cpc&amp;utm_term=4816,https://www.precious-joy.com/wp-content/uploads/JOLLITY-101c.jpg,"in stock","75 EUR",,,jollity-101,,,New,
4807,JOLLITY-100,"Semi-precious Stones: Marble, Mother of Pearl Other materials: Brass, Polymer Clay Chain: Pink Bronze Extension chain & Clasp: 10cm, 18K Gold-Plated Stainless Steel Length: 38cm",https://www.precious-joy.com/product/jollity-100/?utm_source=Pinterest&amp;utm_campaign=Pin&amp;utm_medium=cpc&amp;utm_term=4807,https://www.precious-joy.com/wp-content/uploads/JOLLITY-100c.jpg,"in stock","80 EUR",,,jollity-100,,,New,
4802,JOLLITY-103,"Semi-precious Stones: Jade, Marble Other materials: Glass, Brass Chain: Gold-plated Aluminum Extension chain & Clasp: 10cm, 18K Gold-Plated Stainless Steel Length: 43cm",https://www.precious-joy.com/product/jollity-103/?utm_source=Pinterest&amp;utm_campaign=Pin&amp;utm_medium=cpc&amp;utm_term=4802,https://www.precious-joy.com/wp-content/uploads/JOLLITY-103c.jpg,"in stock","70 EUR",,,jollity-103,,,New,
4798,JOLLITY-102,"Semi-precious Stones: Dalmatian Jasper Other materials: Glass, Brass, Polymer Clay Chain: Gold-plated Aluminum Extension chain & Clasp: 10cm, 18K Gold-Plated Stainless Steel Length: 43cm",https://www.precious-joy.com/product/jollity-102/?utm_source=Pinterest&amp;utm_campaign=Pin&amp;utm_medium=cpc&amp;utm_term=4798,https://www.precious-joy.com/wp-content/uploads/JOLLITY-102a.jpg,"in stock","70 EUR",,,jollity-102,,,New,
4792,LAVISH-104,"Semi-precious Stones: Jade, Dalmatian Jasper, Hematite Other materials: Glass, Brass, Silk tassels Extension chain & Clasp: 10cm, 18K Gold-Plated Stainless Steel Length: 40cm",https://www.precious-joy.com/product/lavish-104/?utm_source=Pinterest&amp;utm_campaign=Pin&amp;utm_medium=cpc&amp;utm_term=4792,https://www.precious-joy.com/wp-content/uploads/LAVISH-104c.jpg,"in stock","130 EUR",,,lavish-104,,,New,
4786,VERVE-102,"Semi-precious Stones: Hematite, Howlite Other materials: Glass, Brass Chain: Handmade 18K Gold-Plated Stainless Steel Extension chain & Clasp: 10cm, 18K Gold-Plated Stainless Steel Length: 26cm",https://www.precious-joy.com/product/verve-102/?utm_source=Pinterest&amp;utm_campaign=Pin&amp;utm_medium=cpc&amp;utm_term=4786,https://www.precious-joy.com/wp-content/uploads/VERVE-102b.jpg,"in stock","65 EUR",,,verve-102,,,New,
4781,VERVE-101,"Semi-precious Stones: Hematite, Cat’s Eye Other materials: Brass, Silk tassels Chain: Nude Bronze Extension chain & Clasp: 10cm, 18K Gold-Plated Stainless Steel Length: 46cm",https://www.precious-joy.com/product/verve-101/?utm_source=Pinterest&amp;utm_campaign=Pin&amp;utm_medium=cpc&amp;utm_term=4781,https://www.precious-joy.com/wp-content/uploads/VERVE-101c.jpg,"in stock","65 EUR",,,verve-101,,,New,
4776,VERVE-100,"Semi-precious Stones: Goldstone, Rainbow Veins Other materials: Brass, Silk tassels Chain: Pink Bronze Extension chain & Clasp: 10cm, 18K Gold-Plated Stainless Steel Length: 41cm",https://www.precious-joy.com/product/verve-100/?utm_source=Pinterest&amp;utm_campaign=Pin&amp;utm_medium=cpc&amp;utm_term=4776,https://www.precious-joy.com/wp-content/uploads/VERVE-100b.jpg,"in stock","70 EUR",,,verve-100,,,New,
4772,VERVE-103,"Semi-precious Stones: Goldstone Other materials: Brass, Silk tassel Chain: 18K Gold-Plated Stainless-Steel collar Extension chain & Clasp: 10cm, 18K Gold-Plated Stainless Steel Length: 28cm",https://www.precious-joy.com/product/verve-103/?utm_source=Pinterest&amp;utm_campaign=Pin&amp;utm_medium=cpc&amp;utm_term=4772,https://www.precious-joy.com/wp-content/uploads/VERVE-103b.jpg,"in stock","60 EUR",,,verve-103,,,New,
4764,VERVE-104,"Semi-precious Stones: Clear Quartz, Hematite Other materials: Brass caps, Stainless Steel charms Chain: Leather Length: 53cm",https://www.precious-joy.com/product/verve-104/?utm_source=Pinterest&amp;utm_campaign=Pin&amp;utm_medium=cpc&amp;utm_term=4764,https://www.precious-joy.com/wp-content/uploads/VERVE-104c.jpg,"in stock","55 EUR",,,verve-104,,,New,
4760,LAVISH-105,"Semi-precious Stones: Howlite, Hematite, Rain Flower Other materials: Brass Chain: Handmade 18K Gold-Plated Stainless Steel Extension chain & Clasp: 10cm, 18K Gold-Plated Stainless Steel Length: 37cm",https://www.precious-joy.com/product/lavish-105/?utm_source=Pinterest&amp;utm_campaign=Pin&amp;utm_medium=cpc&amp;utm_term=4760,https://www.precious-joy.com/wp-content/uploads/LAVISH-105b.jpg,"in stock","125 EUR",,,lavish-105,,,New,
4758,LAVISH-107,"Semi-precious Stones: Coral, Quartz, Cat’s Eye Other materials: Brass Chain: Handmade 18K Gold-Plated Stainless Steel Extension chain & Clasp: 10cm, 18K Gold-Plated Stainless Steel Length: 42cm",https://www.precious-joy.com/product/lavish-107/?utm_source=Pinterest&amp;utm_campaign=Pin&amp;utm_medium=cpc&amp;utm_term=4758,https://www.precious-joy.com/wp-content/uploads/LAVISH-107c.jpg,"in stock","120 EUR",,,lavish-107,,,New,
4747,FELICITY-105,"Semi-precious Stones: Jasper, Hematite Other materials: Glass, Brass Extension chain & Clasp: 10cm, 18K Gold-Plated Stainless Steel Length: 27cm",https://www.precious-joy.com/product/felicity-105/?utm_source=Pinterest&amp;utm_campaign=Pin&amp;utm_medium=cpc&amp;utm_term=4747,https://www.precious-joy.com/wp-content/uploads/FELICITY-105a.jpg,"in stock","65 EUR",,,felicity-105,,,New,
4738,EUPHORIA-100,"Semi-precious Stones: Black Onyx, Hematite, Mother of Pearl Other materials: Brass, Glass Chain: Black Iron Extension chain & Clasp: 10cm, 18K Gold-Plated Stainless Steel Length: 24cm",https://www.precious-joy.com/product/euphoria-100/?utm_source=Pinterest&amp;utm_campaign=Pin&amp;utm_medium=cpc&amp;utm_term=4738,https://www.precious-joy.com/wp-content/uploads/EUPHORIA-100a.jpg,"in stock","105 EUR",,,euphoria-100,,,New,
4731,EUPHORIA-103,"Semi-precious Stones: Hematite, Mother of Pearl, Black Onyx Other materials: Brass, Glass Chain: Diamond-cut black and gold Bronze Extension chain & Clasp: 10cm, 18K Gold-Plated Stainless Steel Length: 39cm",https://www.precious-joy.com/product/euphoria-103/?utm_source=Pinterest&amp;utm_campaign=Pin&amp;utm_medium=cpc&amp;utm_term=4731,https://www.precious-joy.com/wp-content/uploads/EUPHORIA-103c.jpg,"in stock","85 EUR",,,euphoria-103,,,New,
4726,LAVISH-101,"Semi-precious Stones: Black Onyx, Hematite, Howlite, Lava Other materials: Glass, Brass, Wood Extension chain & Clasp: 10cm, 18K Gold-Plated Stainless Steel Length: 26cm",https://www.precious-joy.com/product/lavish-101/?utm_source=Pinterest&amp;utm_campaign=Pin&amp;utm_medium=cpc&amp;utm_term=4726,https://www.precious-joy.com/wp-content/uploads/LAVISH-101a.jpg,"in stock","140 EUR",,,lavish-101,,,New,
3263,LAVISH-303,"Semi-precious Stones: Hematite, Rose Quartz Other materials: Glass, Wood, Stainless Steel charms Bracelet: 18K Gold-Plated Stainless-Steel Memory Wire",https://www.precious-joy.com/product/lavish-303/?utm_source=Pinterest&amp;utm_campaign=Pin&amp;utm_medium=cpc&amp;utm_term=3263,https://www.precious-joy.com/wp-content/uploads/LAVISH-303a.jpg,"in stock","90 EUR",,,lavish-303,,,New,
3257,FELICITY-301,"Semi-precious Stones: Hematite, Howlite, Jade Clasp: 18K Gold-Plated Brass",https://www.precious-joy.com/product/felicity-301/?utm_source=Pinterest&amp;utm_campaign=Pin&amp;utm_medium=cpc&amp;utm_term=3257,https://www.precious-joy.com/wp-content/uploads/FELICITY-301a.jpg,"in stock","75 EUR",,,felicity-301,,,New,
3253,LAVISH-305,"Semi-precious Stones: Hematite, Marble, Jade Other materials: Glass, Stainless Steel charms Bracelet: 18K Gold-Plated Stainless-Steel Memory Wire",https://www.precious-joy.com/product/lavish-305/?utm_source=Pinterest&amp;utm_campaign=Pin&amp;utm_medium=cpc&amp;utm_term=3253,https://www.precious-joy.com/wp-content/uploads/LAVISH-305a.jpg,"in stock","85 EUR",,,lavish-305,,,New,
3248,LAVISH-301,"Semi-precious Stones: Hematite, Marble, Jasper, Howlite Other materials: Wood, Aluminum and Stainless-Steel charms Bracelet: 18K Gold-Plated Stainless-Steel Memory Wire",https://www.precious-joy.com/product/lavish-301/?utm_source=Pinterest&amp;utm_campaign=Pin&amp;utm_medium=cpc&amp;utm_term=3248,https://www.precious-joy.com/wp-content/uploads/LAVISH-301a.jpg,"in stock","100 EUR",,,lavish-301,,,New,
3241,LAVISH-304,"Semi-precious Stones: Hematite, Howlite, Lava, Jasper Other materials: Glass, Stainless Steel and Aluminum charms Bracelet: 18K Gold-Plated Stainless-Steel Memory Wire",https://www.precious-joy.com/product/lavish-304/?utm_source=Pinterest&amp;utm_campaign=Pin&amp;utm_medium=cpc&amp;utm_term=3241,https://www.precious-joy.com/wp-content/uploads/LAVISH-304a.jpg,"in stock","85 EUR",,,lavish-304,,,New,
3236,BLISS-300,"Semi-precious Stones: Hematite, Dalmatian Jasper, Turquoise Other materials: Glass Clasp: Gold-plated Brass",https://www.precious-joy.com/product/bliss-300/?utm_source=Pinterest&amp;utm_campaign=Pin&amp;utm_medium=cpc&amp;utm_term=3236,https://www.precious-joy.com/wp-content/uploads/BLISS-300.jpg,"in stock","70 EUR",,,bliss-300,,,New,
3222,LAVISH-300,"Semi-precious Stones: Hematite, Dalmatian Jasper, Turquoise Other materials: Glass, Wood, Aluminum and Stainless-Steel charms Bracelet: 18K Gold-Plated Stainless-Steel Memory Wire",https://www.precious-joy.com/product/lavish-300/?utm_source=Pinterest&amp;utm_campaign=Pin&amp;utm_medium=cpc&amp;utm_term=3222,https://www.precious-joy.com/wp-content/uploads/LAVISH-300a.jpg,"in stock","120 EUR",,,lavish-300,,,New,
2812,GRACE-205,"Semi-precious Stones: Mother of Pearl Other materials: Brass, Silk tassels Studs & Ear Nuts: 18K Gold-Plated Stainless Steel Length: 10cm",https://www.precious-joy.com/product/grace-205/?utm_source=Pinterest&amp;utm_campaign=Pin&amp;utm_medium=cpc&amp;utm_term=2812,https://www.precious-joy.com/wp-content/uploads/GRACE-205a.jpg,"in stock","50 EUR",,,grace-205,,,New,
2792,LAVISH-201,"Semi-precious Stones: Goldstone, Hematite Other materials: Brass Hooks: 18K Gold-Plated Brass Length: 8cm",https://www.precious-joy.com/product/lavish-201/?utm_source=Pinterest&amp;utm_campaign=Pin&amp;utm_medium=cpc&amp;utm_term=2792,https://www.precious-joy.com/wp-content/uploads/LAVISH-201b.jpg,"in stock","115 EUR",,,lavish-201,,,New,
2790,GLEE-202,"Semi-precious Stones: Lapis Lazouli Other materials: 18K Gold-Plated Stainless-Steel Memory Wire Studs and Ear Nuts: 18K Gold-Plated Brass Length: 7cm",https://www.precious-joy.com/product/glee-202/?utm_source=Pinterest&amp;utm_campaign=Pin&amp;utm_medium=cpc&amp;utm_term=2790,https://www.precious-joy.com/wp-content/uploads/GLEE-202a.jpg,"in stock","50 EUR",,,glee-202,,,New,
2788,GLEE-204,"Semi-precious Stones: Lapis Lazouli Other materials: Brass, Silk tassels Studs and Ear Nuts: 18K Gold-Plated Stainless Steel Length: 8,5cm",https://www.precious-joy.com/product/glee-204/?utm_source=Pinterest&amp;utm_campaign=Pin&amp;utm_medium=cpc&amp;utm_term=2788,https://www.precious-joy.com/wp-content/uploads/GLEE-204a.jpg,"in stock","45 EUR",,,glee-204,,,New,
2782,FELICITY-201,"Semi-precious Stones: Kambaba Jasper Other materials: Brass Hooks: 18K Gold-Plated Brass Length: 8,5cm",https://www.precious-joy.com/product/felicity-201/?utm_source=Pinterest&amp;utm_campaign=Pin&amp;utm_medium=cpc&amp;utm_term=2782,https://www.precious-joy.com/wp-content/uploads/FELICITY-201a.jpg,"in stock","75 EUR",,,felicity-201,,,New,
2760,LAVISH-204,"Semi-precious Stones: Hematite Other materials: Brass, Ostrich feathers Hooks: 18K Gold-Plated Brass Length: 15cm",https://www.precious-joy.com/product/lavish-204/?utm_source=Pinterest&amp;utm_campaign=Pin&amp;utm_medium=cpc&amp;utm_term=2760,https://www.precious-joy.com/wp-content/uploads/LAVISH-204b.jpg,"in stock","100 EUR",,,lavish-204,,,New,
2762,EUPHORIA-202,"Semi-precious Stones: Black Onyx, Hematite Other materials: Glass Studs: 18K Gold-Plated Brass Ear Nuts: 18K Gold-Plated Stainless Steel Length: 7cm",https://www.precious-joy.com/product/euphoria-202/?utm_source=Pinterest&amp;utm_campaign=Pin&amp;utm_medium=cpc&amp;utm_term=2762,https://www.precious-joy.com/wp-content/uploads/EUPHORIA-202a.jpg,"out of stock","70 EUR",,,euphoria-202,,,New,
2765,EUPHORIA-201,"Semi-precious Stones: Howlite, Hematite Other materials: Enameled Brass Hooks: Enameled Brass Length: 8cm",https://www.precious-joy.com/product/euphoria-201/?utm_source=Pinterest&amp;utm_campaign=Pin&amp;utm_medium=cpc&amp;utm_term=2765,https://www.precious-joy.com/wp-content/uploads/EUPHORIA-201a.jpg,"in stock","75 EUR",,,euphoria-201,,,New,
2758,EUPHORIA-203,"Semi-precious Stones: Hematite Hoops: 18K Gold-Plated Stainless Steel Length: 7cm",https://www.precious-joy.com/product/euphoria-203/?utm_source=Pinterest&amp;utm_campaign=Pin&amp;utm_medium=cpc&amp;utm_term=2758,https://www.precious-joy.com/wp-content/uploads/EUPHORIA-203a.jpg,"in stock","50 EUR",,,euphoria-203,,,New,
2756,EUPHORIA-207,"Semi-precious Stones: Hematite Other materials: Wood Hoops: 18K Gold-Plated Stainless Steel Length: 4cm",https://www.precious-joy.com/product/euphoria-207/?utm_source=Pinterest&amp;utm_campaign=Pin&amp;utm_medium=cpc&amp;utm_term=2756,https://www.precious-joy.com/wp-content/uploads/EUPHORIA-207a.jpg,"in stock","40 EUR",,,euphoria-207,,,New,
2754,EUPHORIA-206,"Semi-precious Stones: Hematite, Howlite Hoops: 18K Gold-Plated Stainless Steel Length: 4cm",https://www.precious-joy.com/product/euphoria-206/?utm_source=Pinterest&amp;utm_campaign=Pin&amp;utm_medium=cpc&amp;utm_term=2754,https://www.precious-joy.com/wp-content/uploads/EUPHORIA-206a.jpg,"in stock","40 EUR",,,euphoria-206,,,New,
2732,DELIGHT-201,"Semi-precious Stones: Black Onyx, Malachite, Howlite Studs and Ear Nuts: 18K Gold-Plated Stainless Steel Length: 7,5cm",https://www.precious-joy.com/product/delight-201/?utm_source=Pinterest&amp;utm_campaign=Pin&amp;utm_medium=cpc&amp;utm_term=2732,https://www.precious-joy.com/wp-content/uploads/DELIGHT-201a.jpg,"in stock","80 EUR",,,delight-201,,,New,
2708,LAVISH-203,"Semi-precious Stones: Hematite, Howlite Other materials: Brass Studs & Ear Nuts: Black Plating Stainless Steel Length: 8,5cm",https://www.precious-joy.com/product/lavish-203/?utm_source=Pinterest&amp;utm_campaign=Pin&amp;utm_medium=cpc&amp;utm_term=2708,https://www.precious-joy.com/wp-content/uploads/LAVISH-203a.jpg,"in stock","105 EUR",,,lavish-203,,,New,
2698,GRACE-203,"Semi-precious Stones: Mother of Pearl Other materials: Brass Hooks: 18K Gold-Plated Brass Length: 9cm",https://www.precious-joy.com/product/grace-203/?utm_source=Pinterest&amp;utm_campaign=Pin&amp;utm_medium=cpc&amp;utm_term=2698,https://www.precious-joy.com/wp-content/uploads/GRACE-203a.jpg,"in stock","75 EUR",,,grace-203,,,New,
2194,DELIGHT-105,"Semi-precious Stones: Malachite, Hematite, Marble Other materials: Brass Chain: Handmade 18K Gold-Plated Stainless Steel Extension chain & Clasp: 10cm, 18K Gold-Plated Stainless Steel Length: 42cm",https://www.precious-joy.com/product/delight-105/?utm_source=Pinterest&amp;utm_campaign=Pin&amp;utm_medium=cpc&amp;utm_term=2194,https://www.precious-joy.com/wp-content/uploads/DELIGHT-105b.jpg,"in stock","70 EUR",,,delight-105,,,New,
2188,DELIGHT-106,"Semi-precious Stones: Serpentine, Mother of Pearl, Black Onyx, Hematite, Aventurine, Lava Other materials: Brass, Acrylic Necklace: 18K Gold-Plated Stainless-Steel Memory Wire Length: 17cm",https://www.precious-joy.com/product/delight-106/?utm_source=Pinterest&amp;utm_campaign=Pin&amp;utm_medium=cpc&amp;utm_term=2188,https://www.precious-joy.com/wp-content/uploads/DELIGHT-106a.jpg,"in stock","65 EUR",,,delight-106,,,New,
2183,DELIGHT-104,"Semi-precious Stones: Howlite Other materials: Brass, Bronze, Silk tassels Chain: Black and gold Iron Extension chain & Clasp: 10cm, 18K Gold-Plated Stainless Steel Length: 43cm",https://www.precious-joy.com/product/delight-104/?utm_source=Pinterest&amp;utm_campaign=Pin&amp;utm_medium=cpc&amp;utm_term=2183,https://www.precious-joy.com/wp-content/uploads/DELIGHT-104b.jpg,"in stock","75 EUR",,,delight-104,,,New,
2180,DELIGHT-103,"Semi-precious Stones: Hematite, Howlite Other materials: Glass, Brass, Bronze, Ostrich feathers Chain: Diamond-cut black and gold Bronze Extension chain & Clasp: 15cm, 18K Gold-Plated Stainless Steel Length: 38cm",https://www.precious-joy.com/product/delight-103/?utm_source=Pinterest&amp;utm_campaign=Pin&amp;utm_medium=cpc&amp;utm_term=2180,https://www.precious-joy.com/wp-content/uploads/DELIGHT-103c-scaled.jpg,"in stock","75 EUR",,,delight-103,,,New,
2167,DELIGHT-101,"Semi-precious Stones: Hematite, Dalmatian Jasper, Black Onyx, Howlite Other materials: Brass Extension chain & Clasp: 15cm, 18K Gold-Plated Stainless Steel Length: 20cm",https://www.precious-joy.com/product/delight-101/?utm_source=Pinterest&amp;utm_campaign=Pin&amp;utm_medium=cpc&amp;utm_term=2167,https://www.precious-joy.com/wp-content/uploads/DELIGHT-101a.jpg,"in stock","90 EUR",,,delight-101,,,New,
2153,DELIGHT-102,"Semi-precious Stones: Hematite Other materials: Acrylic Chain: Handmade 18K Gold-Plated Stainless Steel Extension chain & Clasp: 10cm, 18K Gold-Plated Stainless Steel Length: 26cm",https://www.precious-joy.com/product/delight-102/?utm_source=Pinterest&amp;utm_campaign=Pin&amp;utm_medium=cpc&amp;utm_term=2153,https://www.precious-joy.com/wp-content/uploads/DELIGHT-102b.jpg,"in stock","80 EUR",,,delight-102,,,New,
2143,DELIGHT-107,"Semi-precious Stones: Hematite, Malachite Other materials: Wood, Brass, Stainless Steel Chain: Handmade 18K Gold-Plated Stainless Steel Extension chain & Clasp: 10cm, 18K Gold-Plated Stainless Steel Length: 25cm",https://www.precious-joy.com/product/delight-107/?utm_source=Pinterest&amp;utm_campaign=Pin&amp;utm_medium=cpc&amp;utm_term=2143,https://www.precious-joy.com/wp-content/uploads/DELIGHT-107b-scaled.jpg,"in stock","60 EUR",,,delight-107,,,New,
2090,GLEE-100,"Semi-precious Stones: Goldstone, Dalmatian Jasper, Hematite Other materials: Wood Extension chain & Clasp: 10cm, 18K Gold-Plated Stainless Steel Length: 20cm",https://www.precious-joy.com/product/glee-106/?utm_source=Pinterest&amp;utm_campaign=Pin&amp;utm_medium=cpc&amp;utm_term=2090,https://www.precious-joy.com/wp-content/uploads/GLEE-100b-scaled.jpg,"in stock","95 EUR",,,glee-100,,,New,
2072,GRACE-104,"Semi-precious Stones: Rhodonite Other materials: Brass Chain: Gunmetal Aluminum net Extension chain & Clasp: 8cm, 18K Gold-Plated Stainless Steel Length: 16cm",https://www.precious-joy.com/product/grace-104/?utm_source=Pinterest&amp;utm_campaign=Pin&amp;utm_medium=cpc&amp;utm_term=2072,https://www.precious-joy.com/wp-content/uploads/GRACE-104a-scaled.jpg,"in stock","50 EUR",,,grace-104,,,New,
2070,GRACE-105,"Semi-precious Stones: Jasper, Hematite Other materials: Brass Chain: Gunmetal Bronze Extension chain & Clasp: 10cm, 18K Gold-Plated Stainless Steel Length: 16cm",https://www.precious-joy.com/product/grace-105/?utm_source=Pinterest&amp;utm_campaign=Pin&amp;utm_medium=cpc&amp;utm_term=2070,https://www.precious-joy.com/wp-content/uploads/GRACE-105a-scaled.jpg,"in stock","40 EUR",,,grace-105,,,New,
2038,EUPHORIA-108,"Semi-precious Stones: Serpentine Chain: Gunmetal Aluminum net Extension chain & Clasp: 10cm, 18K Gold-Plated Stainless Steel Length: 16cm",https://www.precious-joy.com/product/euphoria-108/?utm_source=Pinterest&amp;utm_campaign=Pin&amp;utm_medium=cpc&amp;utm_term=2038,https://www.precious-joy.com/wp-content/uploads/EUPHORIA-108a-scaled.jpg,"in stock","55 EUR",,,euphoria-108,,,New,
2029,FELICITY-106,"Semi-precious Stones: Hematite, Obsidian Other materials: Glass, Brass, Rubber Necklace: 18K Gold-Plated Stainless-Steel Memory Wire Length: 13cm",https://www.precious-joy.com/product/felicity-106/?utm_source=Pinterest&amp;utm_campaign=Pin&amp;utm_medium=cpc&amp;utm_term=2029,https://www.precious-joy.com/wp-content/uploads/FELICITY-106a-scaled.jpg,"in stock","45 EUR",,,felicity-106,,,New,
1989,LAVISH-106,"Semi-precious Stones: Dalmatian Jasper, Hematite, Lapis Lazouli, Goldstone Other materials: Wood Chain: Blue Aluminum net Extension chain & Clasp: 10cm, 18K Gold-Plated Stainless Steel Length: 30cm",https://www.precious-joy.com/product/lavish-106/?utm_source=Pinterest&amp;utm_campaign=Pin&amp;utm_medium=cpc&amp;utm_term=1989,https://www.precious-joy.com/wp-content/uploads/LAVISH-106b.jpg,"in stock","120 EUR",,,lavish-106,,,New,
1979,BLISS-108,"Semi-precious Stones: Hematite, Howlite Chain: Black and gold Iron Extension chain & Clasp: 8cm, 18K Gold-Plated Stainless Steel Length: 21cm",https://www.precious-joy.com/product/bliss-108/?utm_source=Pinterest&amp;utm_campaign=Pin&amp;utm_medium=cpc&amp;utm_term=1979,https://www.precious-joy.com/wp-content/uploads/BLISS-108c-scaled.jpg,"in stock","60 EUR",,,bliss-108,,,New,
1895,BLISS-106,"Semi-precious Stones: Hematite, Turquoise Other materials: Wood Chain: Handmade 18K Gold-Plated Stainless Steel Extension chain & Clasp: 8cm, 18K Gold-Plated Stainless Steel Length: 21cm",https://www.precious-joy.com/product/bliss-106/?utm_source=Pinterest&amp;utm_campaign=Pin&amp;utm_medium=cpc&amp;utm_term=1895,https://www.precious-joy.com/wp-content/uploads/BLISS-106a-scaled.jpg,"in stock","70 EUR",,,bliss-106,,,New,
1887,BLISS-105,"Semi-precious Stones: Hematite, Turquoise, Howlite Other materials: Rubber, Brass, Glass Necklace: 18K Gold-Plated Stainless-Steel Memory Wire Extension chain & Clasp: 8cm, 18K Gold Plated Stainless Steel Length: 17cm",https://www.precious-joy.com/product/bliss-105/?utm_source=Pinterest&amp;utm_campaign=Pin&amp;utm_medium=cpc&amp;utm_term=1887,https://www.precious-joy.com/wp-content/uploads/BLISS-105a-scaled.jpg,"in stock","70 EUR",,,bliss-105,,,New,
1885,BLISS-102,"Semi-precious Stones: Hematite, Dalmatian Agate, Howlite Other materials: Wood, Brass Chain: Handmade 18K Gold-Plated Stainless Steel Extension chain & Clasp: 8cm, 18K Gold-Plated Stainless Steel Length: 25cm",https://www.precious-joy.com/product/bliss-102/?utm_source=Pinterest&amp;utm_campaign=Pin&amp;utm_medium=cpc&amp;utm_term=1885,https://www.precious-joy.com/wp-content/uploads/BLISS-102b-scaled.jpg,"in stock","75 EUR",,,bliss-102,,,New,
1748,BLISS-104,"Semi-precious Stones: Hematite, Dalmatian Agate, Turquoise Other materials: Glass, Brass, Silk Tassel Chain: Diamond-cut black and gold Bronze Extension chain & Clasp: 8cm, 18K Gold-Plated Stainless Steel Length: 47cm",https://www.precious-joy.com/product/bliss-104/?utm_source=Pinterest&amp;utm_campaign=Pin&amp;utm_medium=cpc&amp;utm_term=1748,https://www.precious-joy.com/wp-content/uploads/BLISS-104c-scaled.jpg,"in stock","70 EUR",,,bliss-104,,,New,
1773,BLISS-107,"Semi-precious Stones: Hematite, Howlite Other materials: Glass, Brass, Silk Tassel Chain: Handmade 18K Gold-Plated Stainless Steel Extension chain & Clasp: 8cm, 18K Gold-Plated Stainless Steel Length: 42cm",https://www.precious-joy.com/product/bliss-107/?utm_source=Pinterest&amp;utm_campaign=Pin&amp;utm_medium=cpc&amp;utm_term=1773,https://www.precious-joy.com/wp-content/uploads/BLISS-107c.jpg,"in stock","65 EUR",,,bliss-107,,,New,
1765,LAVISH-102,"Semi-precious Stones: Jasper, Mother of Pearl Other materials: Brass Chain: Handmade 18K Gold-Plated Stainless Steel Extension chain & Clasp: 8cm, 18K Gold-Plated Stainless Steel Length: 32cm",https://www.precious-joy.com/product/lavish-102/?utm_source=Pinterest&amp;utm_campaign=Pin&amp;utm_medium=cpc&amp;utm_term=1765,https://www.precious-joy.com/wp-content/uploads/LAVISH-102a-scaled.jpg,"in stock","130 EUR",,,lavish-102,,,New,
1758,GRACE-103,"Semi-precious Stones: Mother of Pearl Other materials: Brass, Silk tassels Chain: Black and gold Iron Extension chain & Clasp: 8cm, 18K Gold-Plated Stainless Steel Length: 40cm",https://www.precious-joy.com/product/grace-103/?utm_source=Pinterest&amp;utm_campaign=Pin&amp;utm_medium=cpc&amp;utm_term=1758,https://www.precious-joy.com/wp-content/uploads/GRACE-103a-scaled.jpg,"in stock","70 EUR",,,grace-103,,,New,
1755,GRACE-101,"Semi-precious Stones: Rose Quartz, iridescent Labradorite, Hematite Other materials: Brass, Polymer Clay, Silk tassels Chain: Handmade 18K Gold-Plated Stainless Steel Extension chain & Clasp: 8cm, 18K Gold-Plated Stainless Steel Length: 40cm",https://www.precious-joy.com/product/grace-101/?utm_source=Pinterest&amp;utm_campaign=Pin&amp;utm_medium=cpc&amp;utm_term=1755,https://www.precious-joy.com/wp-content/uploads/GRACE-101b-scaled.jpg,"in stock","95 EUR",,,grace-101,,,New,
1745,GRACE-102,"Semi-precious Stones: Jasper, Hematite Other materials: Brass, Silk tassels Chain: Nude Bronze Extension chain & Clasp: 8cm, 18K Gold-Plated Stainless Steel Length: 40cm",https://www.precious-joy.com/product/grace-102/?utm_source=Pinterest&amp;utm_campaign=Pin&amp;utm_medium=cpc&amp;utm_term=1745,https://www.precious-joy.com/wp-content/uploads/GRACE-102c-scaled.jpg,"in stock","75 EUR",,,grace-102,,,New,
1735,FELICITY-100,"Semi-precious Stones: Hematite, Turquoise, Jade Chain: Gold-plated Aluminum Extension chain: 13cm, Gold-plated Aluminum Clasp: 18K Gold-Plated Stainless Steel Length: 42cm",https://www.precious-joy.com/product/felicity-100/?utm_source=Pinterest&amp;utm_campaign=Pin&amp;utm_medium=cpc&amp;utm_term=1735,https://www.precious-joy.com/wp-content/uploads/FELICITY-100a.jpg,"in stock","95 EUR",,,felicity-100,,,New,
1732,FELICITY-101,"Semi-precious Stones: Hematite, Black Onyx, Kambaba Jasper Other materials: Wood Chain: Diamond-cut black and gold Bronze Extension chain & Clasp: 10cm, 18K Gold-Plated Stainless Steel Length: 45cm",https://www.precious-joy.com/product/felicity-101/?utm_source=Pinterest&amp;utm_campaign=Pin&amp;utm_medium=cpc&amp;utm_term=1732,https://www.precious-joy.com/wp-content/uploads/FELICITY-101b.jpg,"in stock","90 EUR",,,felicity-101,,,New,
1724,FELICITY-102,"Semi-precious Stones: Hematite, Black Onyx, Dalmatian Jasper, Jade Other materials: Brass Chain: Black and gold Iron Extension chain & Clasp: 10cm, 18K Gold-Plated Stainless Steel Length: 45cm",https://www.precious-joy.com/product/felicity-102/?utm_source=Pinterest&amp;utm_campaign=Pin&amp;utm_medium=cpc&amp;utm_term=1724,https://www.precious-joy.com/wp-content/uploads/FELICITY-102c.jpg,"in stock","90 EUR",,,felicity-102,,,New,
1706,EUPHORIA-107,"Semi-precious Stones: Clear Quartz Other materials: Glass, Brass, Silk tassels Chain: Black Iron Extension chain & Clasp: 10cm, 18K Gold-Plated Stainless Steel Length: 45cm",https://www.precious-joy.com/product/euphoria-107/?utm_source=Pinterest&amp;utm_campaign=Pin&amp;utm_medium=cpc&amp;utm_term=1706,https://www.precious-joy.com/wp-content/uploads/EUPHORIA-107b.jpg,"in stock","65 EUR",,,euphoria-107,,,New,
1508,EUPHORIA-106,"Semi-precious Stones: Hematite, Mother of Pearl Other materials: Brass, Aluminum, Ostrich feathers Chain: Handmade 18K Gold-Plated Stainless Steel Extension chain & Clasp: 10cm, 18K Gold-Plated Stainless Steel Length: 47cm",https://www.precious-joy.com/product/euphoria-106/?utm_source=Pinterest&amp;utm_campaign=Pin&amp;utm_medium=cpc&amp;utm_term=1508,https://www.precious-joy.com/wp-content/uploads/EUPHORIA-106b.jpg,"in stock","70 EUR",,,euphoria-106,,,New,
1568,EUPHORIA-104,"Semi-precious Stones: Hematite Chain: Gunmetal Bronze Extension chain & Clasp: 10cm, 18K Gold-Plated Stainless Steel Length: 42cm",https://www.precious-joy.com/product/euphoria-104/?utm_source=Pinterest&amp;utm_campaign=Pin&amp;utm_medium=cpc&amp;utm_term=1568,https://www.precious-joy.com/wp-content/uploads/EUPHORIA-104a.jpg,"in stock","80 EUR",,,euphoria-104,,,New,
1561,EUPHORIA-105,"Semi-precious Stones: Jade, Hematite, Lava Chain: Handmade 18K Gold-Plated Stainless Steel Extension chain & Clasp: 10cm, 18K Gold-Plated Stainless Steel Length: 30cm",https://www.precious-joy.com/product/euphoria-105/?utm_source=Pinterest&amp;utm_campaign=Pin&amp;utm_medium=cpc&amp;utm_term=1561,https://www.precious-joy.com/wp-content/uploads/EUPHORIA-105a.jpg,"in stock","75 EUR",,,euphoria-105,,,New,
1555,GLEE-102,"Semi-precious Stones: Goldstone Other materials: Brass Chain: Gunmetal Bronze Extension chain & Clasp: 10cm, 18K Gold-Plated Stainless Steel Length: 20cm",https://www.precious-joy.com/product/glee-100/?utm_source=Pinterest&amp;utm_campaign=Pin&amp;utm_medium=cpc&amp;utm_term=1555,https://www.precious-joy.com/wp-content/uploads/GLEE-102b.jpg,"in stock","70 EUR",,,glee-102,,,New,
1551,FELICITY-104,"Semi-precious Stones: Hematite, Obsidian Other materials: Brass, Silk tassel Chain: Black and gold Iron Extension chain & Clasp: 10cm, 18K Gold-Plated Stainless Steel Length: 45cm",https://www.precious-joy.com/product/felicity-104/?utm_source=Pinterest&amp;utm_campaign=Pin&amp;utm_medium=cpc&amp;utm_term=1551,https://www.precious-joy.com/wp-content/uploads/FELICITY-104c-scaled.jpg,"in stock","75 EUR",,,felicity-104,,,New,
1547,GLEE-103,"Semi-precious Stones: Goldstone, Hematite Other materials: Brass Chain: Gunmetal Bronze Extension chain & Clasp: 10cm, 18K Gold-Plated Stainless Steel Length: 20cm",https://www.precious-joy.com/product/glee-101/?utm_source=Pinterest&amp;utm_campaign=Pin&amp;utm_medium=cpc&amp;utm_term=1547,https://www.precious-joy.com/wp-content/uploads/GLEE-103a.jpg,"in stock","65 EUR",,,glee-103,,,New,
1543,GLEE-104,"Semi-precious Stones: Goldstone, Hematite Other materials: Brass Chain: Gunmetal Bronze Extension chain & Clasp: 10cm, 18K Gold-Plated Stainless Steel Length: 23cm",https://www.precious-joy.com/product/glee-102/?utm_source=Pinterest&amp;utm_campaign=Pin&amp;utm_medium=cpc&amp;utm_term=1543,https://www.precious-joy.com/wp-content/uploads/GLEE-104b.jpg,"in stock","50 EUR",,,glee-104,,,New,
1534,LAVISH-100,"Semi-precious Stones: Turquoise, Hematite, Rain Flower, Goldstone, Dalmatian Jasper, Lapis Lazouli Other materials: Glass, Wood Extension chain & Clasp: 10cm, 18K Gold-Plated Stainless Steel Length: 23cm",https://www.precious-joy.com/product/lavish-100/?utm_source=Pinterest&amp;utm_campaign=Pin&amp;utm_medium=cpc&amp;utm_term=1534,https://www.precious-joy.com/wp-content/uploads/LAVISH-100a.jpg,"in stock","180 EUR",,,lavish-100,,,New,
1530,EUPHORIA-102,"Semi-precious Stones: Hematite, Agate, Black Onyx Other materials: Brass, Glass Chain: Handmade 18K Gold-Plated Stainless Steel Extension chain & Clasp: 10cm, 18K Gold-Plated Stainless Steel Length: 35cm",https://www.precious-joy.com/product/euphoria-102/?utm_source=Pinterest&amp;utm_campaign=Pin&amp;utm_medium=cpc&amp;utm_term=1530,https://www.precious-joy.com/wp-content/uploads/EUPHORIA-102c-scaled.jpg,"in stock","85 EUR",,,euphoria-102,,,New,
1525,FELICITY-103,"Semi-precious Stones: Hematite, Black Onyx, Jade Chain: Diamond-cut black and gold Bronze Extension chain & Clasp: 10cm, 18K Gold-Plated Stainless Steel Length: 30cm",https://www.precious-joy.com/product/felicity-103/?utm_source=Pinterest&amp;utm_campaign=Pin&amp;utm_medium=cpc&amp;utm_term=1525,https://www.precious-joy.com/wp-content/uploads/FELICITY-103c.jpg,"in stock","80 EUR",,,felicity-103,,,New,
1522,EUPHORIA-109,"Semi-precious Stones: Hematite Chain: Gunmetal Bronze Extension chain & Clasp: 10cm, 18K Gold-Plated Stainless Steel Length: 45cm",https://www.precious-joy.com/product/euphoria-109/?utm_source=Pinterest&amp;utm_campaign=Pin&amp;utm_medium=cpc&amp;utm_term=1522,https://www.precious-joy.com/wp-content/uploads/EUPHORIA-109a.jpg,"in stock","50 EUR",,,euphoria-109,,,New,
1506,GLEE-203,"Semi-precious Stones: Goldstone, Hematite Hooks: 18K Gold-Plated Brass Length: 7cm",https://www.precious-joy.com/product/glee-203/?utm_source=Pinterest&amp;utm_campaign=Pin&amp;utm_medium=cpc&amp;utm_term=1506,https://www.precious-joy.com/wp-content/uploads/GLEE-203a.jpg,"in stock","45 EUR",,,glee-203,,,New,
1504,GRACE-202,"Semi-precious Stones: Rose Quartz, Jasper Other materials: Brass, Silk tassels Studs & Ear Nuts: 18K Gold-Plated Stainless Steel Length: 10cm",https://www.precious-joy.com/product/grace-202/?utm_source=Pinterest&amp;utm_campaign=Pin&amp;utm_medium=cpc&amp;utm_term=1504,https://www.precious-joy.com/wp-content/uploads/GRACE-202a.jpg,"in stock","80 EUR",,,grace-202,,,New,
1502,DELIGHT-204,"Semi-precious Stones: Zebra Jasper, Howlite Other materials: Brass, Silk tassels Studs & Ear Nuts: 18K Gold-Plated Stainless Steel Length: 9cm",https://www.precious-joy.com/product/delight-204/?utm_source=Pinterest&amp;utm_campaign=Pin&amp;utm_medium=cpc&amp;utm_term=1502,https://www.precious-joy.com/wp-content/uploads/DELIGHT-204a.jpg,"in stock","70 EUR",,,delight-204,,,New,
1500,DELIGHT-203,"Semi-precious Stones: Serpentine, Hematite, Howlite Other materials: Brass Pins & Ear Nuts: 18K Gold-Plated Stainless Steel Length: 8,5cm",https://www.precious-joy.com/product/delight-203/?utm_source=Pinterest&amp;utm_campaign=Pin&amp;utm_medium=cpc&amp;utm_term=1500,https://www.precious-joy.com/wp-content/uploads/DELIGHT-203a.jpg,"in stock","75 EUR",,,delight-203,,,New,
1416,FELICITY-203,"Semi-precious Stones: Jade, Hematite Other materials: Brass Hooks: 18K Gold-Plated Brass Length: 9cm",https://www.precious-joy.com/product/felicity-203/?utm_source=Pinterest&amp;utm_campaign=Pin&amp;utm_medium=cpc&amp;utm_term=1416,https://www.precious-joy.com/wp-content/uploads/FELICITY-203a.jpg,"in stock","65 EUR",,,felicity-203,,,New,
1412,EUPHORIA-200,"Semi-precious Stones: Mother of Pearl Other materials: Brass Studs: 18K Gold-Plated Titanium Ear Nuts: 18K Gold-Plated Stainless Steel Length: 7cm",https://www.precious-joy.com/product/euphoria-200/?utm_source=Pinterest&amp;utm_campaign=Pin&amp;utm_medium=cpc&amp;utm_term=1412,https://www.precious-joy.com/wp-content/uploads/EUPHORIA-200a.jpg,"out of stock","80 EUR",,,euphoria-200,,,New,
1407,DELIGHT-202,"Semi-precious Stones: Mother of Pearl Other materials: Brass, Bronze, Natural feathers Pins & Ear Nuts: 18K Gold-Plated Stainless Steel Length: 16cm",https://www.precious-joy.com/product/delight-202/?utm_source=Pinterest&amp;utm_campaign=Pin&amp;utm_medium=cpc&amp;utm_term=1407,https://www.precious-joy.com/wp-content/uploads/DELIGHT-202a.jpg,"in stock","75 EUR",,,delight-202,,,New,
1397,FELICITY-202,"Semi-precious Stones: Jade, Hematite Other materials: Brass Hooks: 18K Gold-Plated Brass Length: 9cm",https://www.precious-joy.com/product/felicity-202/?utm_source=Pinterest&amp;utm_campaign=Pin&amp;utm_medium=cpc&amp;utm_term=1397,https://www.precious-joy.com/wp-content/uploads/FELICITY-202a.jpg,"in stock","70 EUR",,,felicity-202,,,New,
940,GRACE-100,"Semi-precious Stones: Jasper, Hematite, Howlite Other materials: Brass Chain: Gunmetal Bronze Extension chain & Clasp: 8cm, 18K Gold-Plated Stainless Steel Length: 40cm",https://www.precious-joy.com/product/grace-100/?utm_source=Pinterest&amp;utm_campaign=Pin&amp;utm_medium=cpc&amp;utm_term=940,https://www.precious-joy.com/wp-content/uploads/GRACE-100a.jpg,"in stock","115 EUR",,,grace-100,,,New,
934,GLEE-101,"Semi-precious Stones: Lapis Lazouli Other materials: Brass, Wood, Silk tassels Chain: Gunmetal Bronze Extension chain & Clasp: 10cm, 18K Gold-Plated Stainless Steel Length: 43cm",https://www.precious-joy.com/product/glee-104-2/?utm_source=Pinterest&amp;utm_campaign=Pin&amp;utm_medium=cpc&amp;utm_term=934,https://www.precious-joy.com/wp-content/uploads/GLEE-101b.jpg,"in stock","75 EUR",,,glee-101,,,New,
903,BLISS-101,"Semi-precious Stones: Hematite, Howlite Other materials: Wood Chain: Handmade 18K Gold-Plated Stainless Steel Extension chain & Clasp: 8cm, 18K Gold-Plated Stainless Steel Length: 30cm",https://www.precious-joy.com/product/bliss-101/?utm_source=Pinterest&amp;utm_campaign=Pin&amp;utm_medium=cpc&amp;utm_term=903,https://www.precious-joy.com/wp-content/uploads/BLISS-101c-scaled.jpg,"in stock","80 EUR",,,bliss-101,,,New,
812,BLISS-203,"Semi-precious Stones: Hematite, Lava, Howlite Hooks: 18K Gold-Plated Brass Length: 5cm",https://www.precious-joy.com/product/bliss-203/?utm_source=Pinterest&amp;utm_campaign=Pin&amp;utm_medium=cpc&amp;utm_term=812,https://www.precious-joy.com/wp-content/uploads/BLISS-203a.jpg,"in stock","50 EUR",,,bliss-203,,,New,
807,GLEE-206,"Semi-precious Stones: Lapis Lazouli, Hematite Other materials: Brass Hooks: 18K Gold-Plated Brass Length: 6cm",https://www.precious-joy.com/product/glee-206/?utm_source=Pinterest&amp;utm_campaign=Pin&amp;utm_medium=cpc&amp;utm_term=807,https://www.precious-joy.com/wp-content/uploads/GLEE-206a.jpg,"in stock","45 EUR",,,glee-206,,,New,
802,FELICITY-205,"Semi-precious Stones: Jade, Hematite Other materials: Brass Hooks: 18K Gold-Plated Brass Length: 6cm",https://www.precious-joy.com/product/felicity-205/?utm_source=Pinterest&amp;utm_campaign=Pin&amp;utm_medium=cpc&amp;utm_term=802,https://www.precious-joy.com/wp-content/uploads/FELICITY-205a.jpg,"in stock","50 EUR",,,felicity-205,,,New,
791,EUPHORIA-204,"Semi-precious Stones: Hematite, Howlite Other materials: Glass Hooks: 18K Gold-Plated Brass Length: 6,5cm",https://www.precious-joy.com/product/euphoria-204/?utm_source=Pinterest&amp;utm_campaign=Pin&amp;utm_medium=cpc&amp;utm_term=791,https://www.precious-joy.com/wp-content/uploads/EUPHORIA-204a.jpg,"in stock","45 EUR",,,euphoria-204,,,New,
785,EUPHORIA-208,"Semi-precious Stones: Marble Other materials: Brass, Silk tassels Hooks: 18K Gold-Plated Brass Length: 10,5cm",https://www.precious-joy.com/product/euphoria-208/?utm_source=Pinterest&amp;utm_campaign=Pin&amp;utm_medium=cpc&amp;utm_term=785,https://www.precious-joy.com/wp-content/uploads/EUPHORIA-208a.jpg,"in stock","35 EUR",,,euphoria-208,,,New,
763,GLEE-201,"Semi-precious Stones: Goldstone, Mother of Pearl Pins and Ear Nuts: 18K Gold-Plated Stainless Steel Length: 5cm",https://www.precious-joy.com/product/glee-201/?utm_source=Pinterest&amp;utm_campaign=Pin&amp;utm_medium=cpc&amp;utm_term=763,https://www.precious-joy.com/wp-content/uploads/GLEE-201a.jpg,"in stock","60 EUR",,,glee-201,,,New,
756,BLISS-202,"Semi-precious Stones: Turquoise Other materials: Brass, Silk tassels Hooks: 18K Gold-Plated Brass Length: 9,5cm",https://www.precious-joy.com/product/bliss-202/?utm_source=Pinterest&amp;utm_campaign=Pin&amp;utm_medium=cpc&amp;utm_term=756,https://www.precious-joy.com/wp-content/uploads/BLISS-202a.jpg,"in stock","50 EUR",,,bliss-202,,,New,
750,BLISS-201,"Semi-precious Stones: Hematite, Howlite Hoops: 18K Gold-Plated Stainless Steel Length: 4,5cm",https://www.precious-joy.com/product/bliss-201/?utm_source=Pinterest&amp;utm_campaign=Pin&amp;utm_medium=cpc&amp;utm_term=750,https://www.precious-joy.com/wp-content/uploads/BLISS-201a.jpg,"in stock","55 EUR",,,bliss-201,,,New,
744,FELICITY-204,"Semi-precious Stones: Jade, Hematite Hoops: 18K Gold-Plated Stainless Steel Length: 4,5cm",https://www.precious-joy.com/product/felicity-204/?utm_source=Pinterest&amp;utm_campaign=Pin&amp;utm_medium=cpc&amp;utm_term=744,https://www.precious-joy.com/wp-content/uploads/FELICITY-204a.jpg,"in stock","55 EUR",,,felicity-204,,,New,
634,GRACE-207,"Materials: Glass, Brass, Silk tassels Hooks: 18K Gold-Plated Brass Length: 11cm",https://www.precious-joy.com/product/grace-207/?utm_source=Pinterest&amp;utm_campaign=Pin&amp;utm_medium=cpc&amp;utm_term=634,https://www.precious-joy.com/wp-content/uploads/GRACE-207a.jpg,"in stock","35 EUR",,,grace-207,,,New,
612,GRACE-201,"Semi-precious Stones: Jasper Other materials: Bronze, Brass, Silk tassels Hooks: 18K Gold-Plated Brass Length: 12cm",https://www.precious-joy.com/product/grace-201/?utm_source=Pinterest&amp;utm_campaign=Pin&amp;utm_medium=cpc&amp;utm_term=612,https://www.precious-joy.com/wp-content/uploads/GRACE-201a.jpg,"in stock","80 EUR",,,grace-201,,,New,
600,DELIGHT-200,"Semi-precious Stones: Hematite, Howlite, Agate Other materials: Brass Hooks: 18K Gold-Plated Brass Length: 8,5cm",https://www.precious-joy.com/product/delight-200/?utm_source=Pinterest&amp;utm_campaign=Pin&amp;utm_medium=cpc&amp;utm_term=600,https://www.precious-joy.com/wp-content/uploads/DELIGHT-200a.jpg,"in stock","85 EUR",,,delight-200,,,New,
598,LAVISH-205,"Semi-precious Stones: Rose Quartz, Hematite Other materials: Bronze, Ostrich feathers Hooks: 18K Gold-Plated Brass Length: 15cm",https://www.precious-joy.com/product/lavish-205/?utm_source=Pinterest&amp;utm_campaign=Pin&amp;utm_medium=cpc&amp;utm_term=598,https://www.precious-joy.com/wp-content/uploads/LAVISH-205a.jpg,"in stock","100 EUR",,,lavish-205,,,New,
595,GRACE-200,"Semi-precious Stones: Mother of Pearl Other materials: Brass, Silk tassels, Diamond-cut black and gold Bronze chain Hooks: 18K Gold-Plated Brass Length: 11cm",https://www.precious-joy.com/product/grace-200/?utm_source=Pinterest&amp;utm_campaign=Pin&amp;utm_medium=cpc&amp;utm_term=595,https://www.precious-joy.com/wp-content/uploads/GRACE-200a.jpg,"in stock","85 EUR",,,grace-200,,,New,
572,EUPHORIA-205,"Semi-precious Stones: Zebra Jasper, Black Onyx Hooks: 18K Gold-Plated Brass Length: 6,5cm",https://www.precious-joy.com/product/euphoria-205/?utm_source=Pinterest&amp;utm_campaign=Pin&amp;utm_medium=cpc&amp;utm_term=572,https://www.precious-joy.com/wp-content/uploads/EUPHORIA-205a.jpg,"in stock","40 EUR",,,euphoria-205,,,New,
568,BLISS-204,"Semi-precious Stones: Turquoise, Dalmatian Jasper Other materials: Wood Hoops: 18K Gold-Plated Stainless Steel Length: 3cm",https://www.precious-joy.com/product/bliss-204/?utm_source=Pinterest&amp;utm_campaign=Pin&amp;utm_medium=cpc&amp;utm_term=568,https://www.precious-joy.com/wp-content/uploads/BLISS-204b.jpg,"in stock","40 EUR",,,bliss-204,,,New,
359,GLEE-205,"Semi-precious Stones: Goldstone, Dalmatian Jasper, Hematite Other materials: Wood Hoops: 18K Gold-Plated Stainless Steel Length: 4,5cm",https://www.precious-joy.com/product/glee-205/?utm_source=Pinterest&amp;utm_campaign=Pin&amp;utm_medium=cpc&amp;utm_term=359,https://www.precious-joy.com/wp-content/uploads/GLEE-205a.jpg,"in stock","45 EUR",,,glee-205,,,New,
